COSM8653626	p.G517E;p.G533E
COSM23510	p.R278T;p.R294T
COSM2964991	p.H456Y;p.H472Y
COSM9127495	p.E207K
COSM95529	p.T210S
COSM9125728	p.A18V
COSM9120839	p.S192I
COSM4501268	p.P195L
COSM33055	p.I67T;p.I170T;p.I188T;p.I204T
COSM630	p.A358S;p.A360S;p.A137S;p.A301S
COSM144951	p.E79Q;p.E81Q;p.E22Q
COSM9121783	p.P345R;p.P347R;p.P124R;p.P288R
COSM6851660	p.S44N;p.S208N;p.S265N;p.S267N
COSM9360211	p.S282L;p.S332L
COSM9123223	p.G252E
COSM9123220	p.E83K
COSM6953954	p.E227K;p.E277K
COSM33336	p.R239W
COSM9277563	p.V312I
COSM9121163	p.S171G
COSM6928836	p.R73Q
COSM6753653	p.F283L
COSM9360593	p.L151H
COSM9360594	p.L363I
COSM6934528	p.S54L
COSM9124701	p.A564P
COSM9124703	p.G232D
COSM6964925	p.R93H
COSM5025107	p.V298A
COSM32498	p.S191F
COSM5026466	p.A718V
COSM33441	p.S141F
COSM32639	p.N380S;p.N488S
COSM9277804	p.L230F
COSM5028336	p.P21A
COSM6963857	p.H316Y
COSM6917124	p.T5M
COSM1479795	p.P21S
COSM9127547	p.V194M
COSM95546	p.L151P
COSM9126039	p.N219H
COSM32621	p.D50N
COSM6936668	p.E235D
COSM6904351	p.E79K
COSM6983092	p.S355P
COSM980815	p.E78K
COSM6906244	p.F102L
COSM219965	p.F133V
COSM6906243	p.E183D
COSM6932544	p.E189K
COSM2698399	p.D130H
COSM7449722	p.I38M
COSM6789218	p.R354C
COSM6934695	p.R99Q
COSM32550	p.E382D;p.E477D;p.E490D;p.E558D
COSM9360336	p.C396W;p.C478W
COSM6929560	p.E36D
COSM7378985	p.L492I;p.L574I
COSM6951592	p.L220V;p.L302V
COSM6955487	p.S41P;p.S123P
COSM9123569	p.K607E;p.K689E
COSM9123567	p.Q599H;p.Q681H
COSM5026940	p.K29R
COSM9360334	p.N584T;p.N666T
COSM4965425	p.R394I;p.R312I
COSM9360335	p.A159T;p.A241T
COSM6933664	p.D504Y;p.D586Y
COSM32801	p.D225N
COSM32802	p.D225E
COSM9359613	p.S259C
COSM9359614	p.C401F;p.C426F;p.C66F;p.C321F
COSM7449736	p.E394Q;p.E419Q;p.E59Q;p.E314Q
COSM6932872	p.E27D
COSM9360756	p.L4H
COSM9179985	p.P10A
COSM6978705	p.D87N;p.D94N;p.D161N;p.D206N;p.D226N
COSM6916142	p.D160E
COSM6974158	p.L88F
COSM6969490	p.G263V
COSM28749	p.R132G
COSM9121731	p.T98N
COSM6966176	p.T327A
COSM28747	p.R132C
COSM28750	p.R132L
COSM28746	p.R132H
COSM6917638	p.D79N
COSM9359878	p.K217N
COSM4653429	p.R222C
COSM9119933	p.E289K
COSM9119934	p.K751Q
COSM32218	p.E391Q;p.E667Q;p.E686Q
COSM6906942	p.S120I
COSM1559600	p.Y361C;p.Y390C;p.Y433C;p.Y169C;p.Y299C
COSM6947115	p.E366K;p.E428K;p.E457K;p.E500K;p.E236K
COSM9561117	p.P21S
COSM9277884	p.K401N;p.K463N;p.K492N;p.K535N;p.K112N;p.K271N
COSM6948820	p.E148K;p.E18K;p.E239K;p.E282K
COSM6971091	p.H13N
COSM6947117	p.M352I;p.M381I;p.M424I;p.M160I;p.M290I
COSM3693990	p.I157T;p.I200T
COSM9359518	p.L191V;p.L234V
COSM6909218	p.V198L;p.V241L
COSM9359522	p.H345R;p.H388R;p.H124R;p.H254R
COSM6966184	p.R3Q
COSM3800094	p.Q342E;p.Q404E;p.Q433E;p.Q476E;p.Q212E
COSM9359516	p.R353T;p.R382T;p.R425T;p.R161T;p.R291T
COSM9120038	p.L96I
COSM6971089	p.E188K;p.E231K
COSM7403833	p.A66S
COSM4169160	p.T20M
COSM9122500	p.V112I
COSM532	p.G13D
COSM553	p.Q61L
COSM554	p.Q61H
COSM522	p.G12A
COSM518	p.G12R
COSM516	p.G12C
COSM517	p.G12S
COSM527	p.G13C
COSM549	p.Q61K
COSM512	p.G12F;p.G12F
COSM6975269	p.Q61L;p.Q61L
COSM520	p.G12V
COSM555	p.Q61H
COSM521	p.G12D
COSM9124253	p.S54F;p.S69F
COSM32790	p.D68H;p.D85H;p.D105H
COSM33492	p.G141S
COSM32713	p.A121T;p.A123T
COSM4766056	p.S47T
COSM6971270	p.Y425S;p.Y537S;p.Y537S;p.Y276S
COSM1545070	p.V392I;p.V219I;p.V280I
COSM6906110	p.L437P;p.L549P;p.L288P
COSM6957690	p.V366L;p.V478L;p.V217L
COSM7344064	p.E359V;p.E471V;p.E210V
COSM6506424	p.M437I;p.M176I;p.M264I;p.M325I
COSM4745842	p.R391W;p.R503W;p.R242W
COSM4745827	p.K130R;p.K303R
COSM7349330	p.C418L;p.C530L;p.C530L;p.C269L
COSM6926544	p.V418E;p.V157E;p.V245E;p.V306E
COSM4745939	p.M396V;p.M223V;p.M284V
COSM6978595	p.L424H;p.L536H;p.L536H;p.L275H
COSM4774826	p.L424R;p.L536R;p.L275R
COSM7344068	p.G145D
COSM5404575	p.R365Q;p.R477Q;p.R216Q
COSM7340977	p.G420D;p.G159D;p.G247D;p.G308D
COSM6948657	p.S156Y;p.S329Y
COSM1205678	p.A58T
COSM6910289	p.S432L;p.S171L;p.S259L;p.S320L
COSM4774827	p.V422E;p.V534E;p.V273E
COSM7344069	p.N156T
COSM6942951	p.G442R;p.G181R;p.G269R;p.G330R
COSM6981619	p.L428Q;p.L540Q;p.L279Q
COSM7344076	p.L385R;p.L497R;p.L236R
COSM6981341	p.K79N;p.K252N
COSM9359705	p.N407I;p.N234I;p.N295I
COSM7344062	p.D411H;p.D238H;p.D299H
COSM6913283	p.A434D;p.A546D;p.A285D
COSM7344058	p.G101R;p.G274R
COSM94250	p.D426G;p.D538G;p.D277G
COSM6934684	p.F349V;p.F461V;p.F200V
COSM4681733	p.A434T;p.A546T;p.A285T
COSM1074642	p.R443H;p.R555H;p.R294H
COSM4745938	p.N69K
COSM6918757	p.Y425D;p.Y537D;p.Y276D
COSM6579522	p.H412L;p.H524L;p.H263L
COSM7340976	p.S109C;p.S282C
COSM7344066	p.M410I;p.M522I;p.M261I
COSM9115479	p.K126R;p.K299R
COSM6024072	p.S464L;p.S576L;p.S315L
COSM1074635	p.Y425N;p.Y537N;p.Y276N
COSM7344072	p.L341F;p.L453F;p.L192F;p.L280F
COSM6976469	p.P147Q
COSM9180306	p.V422A;p.V161A;p.V249A;p.V310A
COSM4766057	p.K419E;p.K531E;p.K270E
COSM7449624	p.Y425H;p.Y537H;p.Y276H
COSM1074639	p.Y425S;p.Y537S;p.Y276S
COSM6980799	p.G160D
COSM7344060	p.S338G;p.S165G
COSM7344067	p.F97L
COSM7344070	p.M388L;p.M215L;p.M276L
COSM6906109	p.L424P;p.L536P;p.L275P
COSM4766050	p.L424Q;p.L536Q;p.L536Q;p.L275Q
COSM6909184	p.N420K;p.N532K;p.N271K
COSM6921388	p.G344D;p.G171D
COSM6918537	p.E430G;p.E542G;p.E281G
COSM1074637	p.Y425C;p.Y537C;p.Y276C
COSM7340975	p.R60G;p.R233G
COSM6843697	p.L424H;p.L536H;p.L275H
COSM6980964	p.M421V;p.M160V;p.M248V;p.M309V
COSM3829320	p.E380Q;p.E207Q;p.E268Q
COSM7344065	p.K369N;p.K481N;p.K220N
COSM4771561	p.S351P;p.S463P;p.S202P
COSM6941088	p.L354Q;p.L466Q;p.L205Q
COSM6948665	p.Y425S;p.Y537S;p.Y537S;p.Y276S
COSM33230	p.G200V
COSM33028	p.T181S
COSM44151	p.H179N
COSM45939	p.P250T
COSM46250	p.E339Q
COSM10810	p.C242F
COSM11491	p.R248P
COSM44975	p.H296R
COSM10687	p.C176Y
COSM11232	p.D281G
COSM44558	p.Q165H
COSM44320	p.I162F
COSM11152	p.Y234H
COSM11552	p.D259Y
COSM45064	p.C229G
COSM45699	p.N210T
COSM5029104	p.F134I
COSM11183	p.R267W
COSM43755	p.P278H
COSM11114	p.C176W
COSM44030	p.I254V
COSM11582	p.K132R
COSM45342	p.Q167L
COSM10889	p.H179R
COSM44040	p.P47L
COSM44168	p.E258G
COSM45643	p.L330R
COSM43871	p.R249M
COSM45822	p.R267G
COSM44189	p.R379H
COSM44352	p.T284P
COSM45704	p.L264V
COSM10859	p.V272L
COSM10893	p.C275Y
COSM11514	p.G334V
COSM44745	p.L137Q
COSM44553	p.W146R
COSM43806	p.T230N
COSM43700	p.C238S
COSM44112	p.H214Y
COSM9358161	p.R267P;p.R267P
COSM10774	p.K320N
COSM43850	p.Y220S
COSM219129	p.A78S
COSM44216	p.Y163D
COSM43582	p.P152S
COSM46103	p.Y107D
COSM6939720	p.F113P;p.F113P
COSM10656	p.R248W
COSM44446	p.K291N
COSM45519	p.D207G
COSM45167	p.F134L
COSM44849	p.Q192R
COSM44249	p.D208V
COSM44070	p.L344P
COSM44073	p.T125K
COSM45707	p.D208E
COSM43827	p.L194P
COSM44262	p.F270L
COSM44979	p.S215R
COSM45927	p.P142T
COSM44017	p.R290H
COSM11205	p.G266R
COSM11089	p.I195T
COSM44570	p.L111R
COSM10075226	p.G302R
COSM44578	p.S241P
COSM44601	p.I232T
COSM10935	p.S241Y
COSM44623	p.Y163N
COSM44692	p.C176G
COSM11196	p.G245V
COSM45063	p.K139R
COSM11411	p.R337L
COSM43772	p.E180K
COSM44424	p.V197E
COSM43955	p.V172I
COSM10645	p.C176F
COSM43931	p.R175S
COSM45017	p.S241F;p.S241F
COSM43970	p.S127Y
COSM43823	p.C275W
COSM46120	p.R209I
COSM43709	p.Q167R
COSM44571	p.L194R
COSM10814	p.P278A
COSM44539	p.I195S
COSM44094	p.N239S
COSM43594	p.R202H
COSM9361033	p.E28K
COSM5028203	p.K386N
COSM11323	p.A161D
COSM44737	p.E287G
COSM45631	p.T230S
COSM10738	p.R181H
COSM45306	p.H296N
COSM43726	p.M243L
COSM43967	p.I251F
COSM44645	p.C176S
COSM11181	p.I255T
COSM45045	p.I232S
COSM10646	p.C242Y
COSM45964	p.M243T;p.M243T
COSM45200	p.A78V
COSM43901	p.C141R
COSM10905	p.P151S
COSM44029	p.D184N
COSM2744432	p.A347P
COSM44045	p.L111P
COSM43684	p.S240R
COSM43695	p.P250S
COSM9361039	p.F109L
COSM44312	p.E171K
COSM44146	p.C176S
COSM44221	p.G244R
COSM11250	p.R110P
COSM43947	p.Y205C
COSM44524	p.R174K
COSM44175	p.S215T
COSM11369	p.K164N
COSM44205	p.Q144P
COSM44448	p.V274D
COSM10659	p.R273C
COSM44225	p.E287K
COSM10988	p.E258K
COSM11374	p.I251N
COSM10992	p.R282G
COSM11273	p.V147D
COSM43918	p.F270Y
COSM10662	p.R248Q
COSM44101	p.K139N
COSM44525	p.M237V
COSM46115	p.R110H
COSM44827	p.K120E
COSM44014	p.E224G
COSM43960	p.D228G
COSM44309	p.V147G
COSM10758	p.Y220C
COSM44636	p.E56K
COSM10672	p.H193Y
COSM95384	p.V147F
COSM10725	p.Y234C
COSM11450	p.S215I
COSM46157	p.L330P
COSM45243	p.T125R
COSM44925	p.R202L
COSM45286	p.A159S
COSM11244	p.I255N
COSM45351	p.L145R
COSM11516	p.D281Y
COSM43697	p.P278T
COSM43583	p.P142L
COSM43660	p.S240I
COSM43607	p.P222T
COSM43873	p.P301Q
COSM44313	p.C229Y
COSM6906251	p.V157E;p.V157E
COSM43749	p.G199R
COSM45076	p.Q144H
COSM45025	p.Y163S
COSM9277776	p.N288H
COSM10870	p.R175G
COSM44321	p.C238R
COSM43621	p.F270C
COSM43592	p.K132M
COSM44214	p.H179Q
COSM10690	p.R158H
COSM43985	p.V147I
COSM43629	p.R249W
COSM45622	p.G154D
COSM43989	p.G199E
COSM44801	p.H168L
COSM44837	p.D186H
COSM46024	p.K120Q
COSM44224	p.S241A
COSM11319	p.F134L
COSM44654	p.F134L
COSM44877	p.I195N
COSM44944	p.P151A
COSM43706	p.E271Q
COSM43912	p.K132T
COSM43833	p.H193P
COSM43818	p.A138V
COSM44653	p.C238S
COSM6549	p.R248L
COSM3958851	p.K120T
COSM11392	p.R267P
COSM45612	p.C229R
COSM96574	p.Y234R;p.Y234R
COSM10957	p.G245R
COSM43608	p.R202P
COSM45131	p.P128L
COSM44637	p.Y220H
COSM10788	p.I255S
COSM10801	p.C135Y
COSM46251	p.S392L
COSM44890	p.L257R
COSM46213	p.D228H
COSM45944	p.S106R
COSM43675	p.P153S
COSM44349	p.A189V
COSM45110	p.V217A
COSM46366	p.E287D
COSM44329	p.V157D
COSM10743	p.R283P
COSM44218	p.H179P
COSM45483	p.S127C
COSM45729	p.D281V
COSM43956	p.Y234N
COSM45393	p.L265M
COSM44573	p.V143G
COSM43844	p.Y205D
COSM10768	p.H179Y
COSM44439	p.P219L
COSM45789	p.A189S
COSM45705	p.E180Q
COSM10731	p.Y236C
COSM44948	p.C176R
COSM43545	p.H168R
COSM46227	p.P301A
COSM44137	p.L145Q
COSM44901	p.H178D
COSM10667	p.V216M
COSM45824	p.E294Q
COSM44096	p.P250A
COSM45685	p.Y205N
COSM43724	p.D259V
COSM45268	p.A276D
COSM7345032	p.M133I
COSM45299	p.C277W
COSM44300	p.S183L
COSM11376	p.M246R
COSM5635597	p.R196G
COSM11081	p.G245C
COSM43739	p.R156H
COSM44776	p.H179D
COSM44274	p.V216E
COSM11011	p.L265P
COSM11351	p.Y205F
COSM10958	p.G266V
COSM45703	p.F212I
COSM44633	p.I195F
COSM5879600	p.C124F
COSM43687	p.H214R
COSM46207	p.T304A
COSM44736	p.A70T
COSM43667	p.V274I
COSM44367	p.P153L
COSM10075290	p.Q5H
COSM5029261	p.P4L
COSM44415	p.M237I
COSM43530	p.L257Q
COSM44794	p.N131I
COSM43829	p.I251S
COSM10668	p.R249G
COSM95383	p.D148H
COSM43708	p.C141Y
COSM44126	p.M169I
COSM43615	p.R158P
COSM45851	p.D208E
COSM44829	p.C135G
COSM43965	p.G245A
COSM45752	p.N263D
COSM10891	p.V272M
COSM10887	p.P278R
COSM44431	p.M169V
COSM8407778	p.F341V
COSM10939	p.P278S
COSM44630	p.L111Q
COSM44127	p.E294K
COSM10777	p.N239D
COSM1630420	p.F212V
COSM11606	p.E11Q
COSM43565	p.E286G
COSM44536	p.M243T
COSM10812	p.S241F
COSM10943	p.D281H
COSM46077	p.L201P;p.L201P
COSM11462	p.L130V
COSM44129	p.M243I
COSM6909287	p.N239H
COSM44219	p.C135W
COSM45961	p.Q144H
COSM43672	p.P34L
COSM11498	p.F113V
COSM45938	p.E298Q
COSM43963	p.K132N
COSM10785	p.R249S
COSM11287	p.R280I
COSM43911	p.P151T
COSM44067	p.S241T
COSM10742	p.H193R
COSM11780	p.F113S
COSM44063	p.L130R
COSM43986	p.S303N
COSM10709	p.S241C
COSM11071	p.R337C
COSM11133	p.C242S
COSM43767	p.Q136E
COSM44782	p.R174W
COSM44980	p.N247F;p.N247F
COSM9179396	p.E339Q
COSM43939	p.T211I
COSM44226	p.S127F
COSM10660	p.R273H
COSM44057	p.V173L
COSM11305	p.F270S
COSM11356	p.C242W
COSM44003	p.P151R
COSM11781	p.M133K
COSM43941	p.F134V
COSM44058	p.I254T
COSM10779	p.R273L
COSM45293	p.Q136R
COSM44821	p.A138T
COSM43861	p.H168Y
COSM44966	p.A129T
COSM44399	p.G226V
COSM45154	p.R156G
COSM43665	p.R249T
COSM44624	p.M133I
COSM44140	p.G199V
COSM45481	p.L130P
COSM10735	p.R213Q
COSM44229	p.V172D
COSM44870	p.V272G
COSM45382	p.V143E
COSM44026	p.G187S
COSM44306	p.R282P
COSM11084	p.V173M
COSM6917439	p.M246L
COSM43945	p.V274G
COSM10790	p.P152L
COSM10726	p.E286K
COSM10648	p.R175H
COSM10722	p.E285K
COSM10995	p.L194F
COSM44114	p.A276T
COSM43843	p.R273G
COSM44103	p.M246K
COSM3403253	p.Q375K
COSM43714	p.G279E
COSM44152	p.R181L
COSM43952	p.M237K
COSM44220	p.K139N
COSM53285	p.S127T
COSM45046	p.R181P
COSM43923	p.R267Q
COSM45701	p.S185R
COSM11224	p.K132Q
COSM44808	p.H168P
COSM10704	p.R282W
COSM43730	p.M133R
COSM44443	p.V274L
COSM10728	p.R280K
COSM11198	p.G262V
COSM44450	p.E258V
COSM11249	p.H179Q
COSM11355	p.M246T
COSM43707	p.S260F
COSM43651	p.I255F
COSM44672	p.Y220N
COSM10817	p.R249S
COSM45275	p.G187C
COSM44393	p.V274A
COSM44338	p.R282Q
COSM44169	p.Y205S
COSM43951	p.S215G
COSM10813	p.K132E
COSM10834	p.M237I
COSM45322	p.T253A
COSM46228	p.M243I
COSM43903	p.V157G
COSM43650	p.R213L
COSM43559	p.V173L
COSM43657	p.P190L
COSM11524	p.G244C
COSM45492	p.E286D
COSM44117	p.D259N
COSM11188	p.A138P
COSM7341050	p.P71A
COSM43596	p.D281N
COSM44023	p.G187D
COSM44033	p.T155I
COSM44561	p.P152T
COSM11738	p.C242R
COSM43878	p.V143M
COSM44599	p.R196Q
COSM11449	p.L130F
COSM10724	p.R280T
COSM11218	p.T155N
COSM45846	p.K139Q
COSM43936	p.E286V
COSM45767	p.F338I
COSM46212	p.V197L
COSM11564	p.R248G
COSM11307	p.S215C
COSM43889	p.T231S
COSM43979	p.N268H
COSM10749	p.C277F
COSM46255	p.C176S;p.C176S
COSM10756	p.A276V
COSM45830	p.T256P
COSM45297	p.F270L
COSM7345023	p.S94P
COSM45980	p.T253P
COSM10714	p.R158L
COSM10762	p.K164E
COSM10716	p.R110L
COSM10739	p.A161T
COSM11817	p.N268I
COSM44294	p.V272A
COSM10670	p.V157F
COSM44060	p.G325E
COSM43879	p.E271G
COSM43763	p.R174G
COSM10717	p.F113C
COSM10883	p.G244D
COSM44310	p.M246I
COSM6545	p.R248W;p.R248W
COSM46214	p.F212S
COSM44317	p.V218E
COSM44956	p.F270V
COSM11066	p.H193L
COSM44797	p.L206F
COSM45959	p.H233L
COSM11501	p.C275G
COSM45276	p.R342P
COSM43836	p.A159P
COSM43837	p.D281E
COSM1658763	p.T377P
COSM10863	p.P278L
COSM44174	p.R202S
COSM43801	p.N239T
COSM10001762	p.A307P
COSM45717	p.A347T
COSM43906	p.D281E
COSM44204	p.C141W
COSM44935	p.C242S
COSM10760	p.R156P
COSM11059	p.C238Y
COSM44535	p.I254N
COSM11123	p.R280G
COSM43896	p.R273P
COSM44038	p.T150I
COSM11476	p.P151H
COSM43606	p.G245D
COSM45536	p.Q354R
COSM44002	p.H193D
COSM10941	p.G244S
COSM11517	p.Y126C
COSM43778	p.C238F
COSM44662	p.T256S
COSM46215	p.P219H
COSM10771	p.P250L
COSM43635	p.H179L
COSM11063	p.M237I
COSM43899	p.L145P
COSM44682	p.P190S
COSM44206	p.M133I
COSM10991	p.K132N
COSM10808	p.Y163C
COSM43555	p.M246V
COSM43616	p.N235S
COSM10701	p.C275F
COSM44215	p.H178P
COSM10751	p.E258Q
COSM43550	p.I232F
COSM10769	p.V274F
COSM9179403	p.P27T
COSM10651	p.P177R
COSM45441	p.N210S
COSM44397	p.P128S
COSM44398	p.D228N
COSM10867	p.G266E
COSM44719	p.E258A
COSM6932	p.G245S
COSM6906252	p.Q52H
COSM6904202	p.G199T;p.G199T
COSM44135	p.C242G
COSM46161	p.G105V
COSM10794	p.G266R
COSM11090	p.R181C
COSM43623	p.L194H
COSM10647	p.C135F
COSM11306	p.V143A
COSM44841	p.K164M
COSM10719	p.E271K
COSM43973	p.S240G
COSM10911	p.R283C
COSM11148	p.A159V
COSM45035	p.I254S
COSM43737	p.C277Y
COSM43902	p.C275R
COSM43826	p.Y236N
COSM43900	p.Y126D
COSM43814	p.R196P
COSM44474	p.N131S
COSM43949	p.F134C
COSM11210	p.V216L
COSM44800	p.Q167K
COSM43652	p.G244V
COSM45407	p.I251V
COSM44687	p.S127P
COSM44796	p.E171V
COSM44240	p.V172F
COSM44945	p.E224D
COSM43768	p.Y234D
COSM44328	p.M160V
COSM9122681	p.C3W
COSM9122684	p.K379E;p.K386E;p.K409E
COSM33249	p.T150I;p.T158I;p.T161I;p.T201I
COSM33222	p.S342N;p.S36N;p.S560N;p.S568N;p.S571N;p.S611N
COSM10075217	p.C954Y
COSM7343926	p.Y328N
COSM6005736	p.A299T
COSM6916979	p.Q905L
COSM7343932	p.P21S
COSM6057050	p.E955K
COSM9359542	p.R777W
COSM6636018	p.R294W
COSM7343930	p.L125M
COSM9359544	p.A770D
COSM3941186	p.S157L
COSM7343941	p.V268A
COSM5029188	p.R378H
COSM6976051	p.S277C
COSM5029186	p.M875L
COSM7343924	p.A521T
COSM6937418	p.E86K
COSM7343937	p.Y699D
COSM7343928	p.A210E
COSM5029190	p.R142H
COSM9120260	p.N241D
COSM7343935	p.D230E
COSM7343939	p.H362Y
COSM6849598	p.A629S
COSM7343922	p.E680K
COSM6918377	p.K539N
COSM9120262	p.N308T
COSM6262413	p.T363N;p.P299T
COSM6948644	p.L926V
COSM5685729	p.G145C
COSM4898139	p.R177Q;p.R198Q
COSM9360126	p.K311N;p.K332N
COSM9277538	p.S403C;p.S424C
COSM605	p.D364Y;p.D385Y
COSM5026917	p.A349T;p.A370T
COSM9123397	p.V447L;p.V473L;p.V523L
COSM9123394	p.E155K;p.E181K;p.E231K
COSM9123392	p.A456T;p.A482T;p.A532T
COSM9123395	p.E367K;p.E393K;p.E443K
COSM9123393	p.E101K;p.E127K;p.E177K
COSM9120256	p.S326P
COSM9120252	p.G330R
COSM6965177	p.L446F
COSM9119172	p.K374N;p.K906N
COSM6906184	p.A365V;p.A897V
COSM6958708	p.A810V;p.A278V
COSM6986099	p.R31H
COSM6917359	p.A430T
COSM5945891	p.E81Q
COSM6927153	p.G409R
COSM6927539	p.Q445P
COSM5366844	p.R856C;p.R324C
COSM9359189	p.E187Q
COSM6602686	p.G525A
COSM6906185	p.A646D;p.A114D
COSM3094447	p.Q336H;p.Q868H
COSM1468984	p.V731M;p.V199M
COSM3914149	p.E830K;p.E298K
COSM4987315	p.Q64L
COSM6928060	p.Q73L
COSM9119175	p.S369F;p.S901F
COSM5028946	p.K633N;p.K101N
COSM3094437	p.F827L;p.F295L
COSM6973367	p.R13W
COSM9277922	p.A242S
COSM238555	p.H343Y;p.A730V;p.H875Y
COSM93906	p.D840N;p.D308N
COSM4985264	p.Q62L
COSM93902	p.E355K
COSM3694693	p.Q63L
COSM9119169	p.E794G;p.E262G
COSM6906801	p.I539V
COSM133780	p.C844Y
COSM33975	p.N822S
COSM1272090	p.D723K
COSM10013726	p.E711A
COSM28026	p.M541L
COSM33965	p.P551L
COSM5702513	p.S628N
COSM1272085	p.K558A
COSM10075327	p.E671Q
COSM33974	p.F584L
COSM6924758	p.E88K
COSM1314	p.D816V
COSM7403832	p.M903I
COSM9122369	p.E414K
COSM1430176	p.A784T
COSM17947	p.D820N
COSM1257	p.V560D
COSM33966	p.L576F
COSM9285072	p.A636T
COSM51494	p.V399I
COSM7344142	p.M318L
COSM51381	p.R796G
COSM7344144	p.I571V
COSM1253	p.V559G
COSM4383744	p.E761K
COSM6904316	p.H517Y
COSM6943592	p.L679F
COSM1290	p.L576P
COSM1304	p.K642E
COSM7344143	p.G445V
COSM4831072	p.R634Q
COSM7449779	p.L793S
COSM9180205	p.N719K
COSM9178318	p.V422M
COSM9179364	p.A431T
COSM20402	p.R804W
COSM33972	p.S639P
COSM1272082	p.L421H
COSM5945004	p.P34L
COSM33967	p.H580Y
COSM1272083	p.P467H
COSM6849704	p.V951I
COSM1272086	p.V559P
COSM7403831	p.N958S
COSM9963024	p.G601R
COSM1272091	p.R796A
COSM1313	p.D816N
COSM1272084	p.K499Q
COSM1272087	p.G664R
COSM9360020	p.K86N
COSM1272088	p.G664A
COSM7449966	p.R135C
COSM177232	p.R946Q
COSM6497254	p.E605K
COSM7344145	p.P61L
COSM1272092	p.R796P
COSM6968708	p.D975N
COSM1272089	p.D723A
COSM1272081	p.T417D
COSM1311	p.D816H
COSM6494995	p.L117I
COSM6494997	p.V532I
COSM3301421	p.T67S
COSM7450009	p.G286R
COSM7344141	p.R181Q
COSM9277398	p.I924T
COSM33971	p.D496V
COSM33968	p.E562V
COSM9122367	p.C491R
COSM5609252	p.P874L
COSM9125315	p.C214R;p.C326R;p.C333R
COSM9125314	p.A12T
COSM9125317	p.G15R
COSM5027141	p.E243K
COSM32462	p.P96R;p.P132R;p.P136R;p.P165R
COSM9121268	p.S699P;p.S701P;p.S780P;p.S788P;p.S790P;p.S821P
COSM4771557	p.L523V;p.L525V;p.L604V;p.L612V;p.L614V;p.L645V
COSM10075248	p.E48K;p.E129K;p.E137K;p.E140K;p.E170K
COSM6987531	p.I369M;p.I375M;p.I377M;p.I408M;p.I286M;p.I288M
COSM94314	p.K475R;p.K477R;p.K556R;p.K564R;p.K566R;p.K597R
COSM6962365	p.D52N;p.D60N;p.D93N
COSM6912206	p.E41Q;p.E74Q;p.E33Q
COSM19176	p.N455K;p.N457K;p.N536K;p.N544K;p.N546K;p.N577K
COSM7347807	p.G368R;p.G370R;p.G449R;p.G457R;p.G459R;p.G490R
COSM9121256	p.G113E;p.G115E;p.G196E;p.G202E;p.G204E;p.G205E;p.G235E
COSM9180035	p.I341V;p.I219V;p.I221V;p.I302V;p.I308V;p.I310V;p.I311V
COSM9359771	p.Q403H;p.Q409H;p.Q411H;p.Q442H;p.Q320H;p.Q322H
COSM302229	p.N455K;p.N457K;p.N536K;p.N544K;p.N546K;p.N577K
COSM4771556	p.K565M;p.K567M;p.K646M;p.K654M;p.K656M;p.K687M
COSM9121262	p.H407N;p.H413N;p.H415N;p.H446N;p.H324N;p.H326N
COSM35673	p.K565E;p.K567E;p.K646E;p.K654E;p.K656E;p.K687E
COSM6923227	p.G40D;p.G48D;p.G81D
COSM9361228	p.P194L;p.P196L;p.P277L;p.P283L;p.P285L;p.P286L;p.P316L
COSM6977601	p.V84E;p.V92E;p.V125E
COSM6929761	p.D41N;p.D122N;p.D130N;p.D133N;p.D163N
COSM9121252	p.Q652K;p.Q654K;p.Q733K;p.Q741K;p.Q743K;p.Q774K
COSM6954381	p.D463H;p.D465H;p.D544H;p.D552H;p.D554H;p.D585H
COSM3900000	p.N455D;p.N457D;p.N536D;p.N544D;p.N546D;p.N577D
COSM6842038	p.H162Y;p.H164Y;p.H245Y;p.H251Y;p.H253Y;p.H254Y;p.H284Y
COSM9361032	p.C341Y
COSM95382	p.N623S
COSM9126602	p.K150E
COSM6974519	p.E213G
COSM9126605	p.V547F
COSM6920891	p.M319I
COSM21754	p.K326R
COSM6940253	p.E709Q
COSM9126601	p.G531R
COSM6911041	p.D189N
COSM9126599	p.N550T
COSM9126604	p.V547I
COSM6086642	p.D190N
COSM32249	p.S169T
COSM19758	p.A531T;p.A592T
COSM7643990	p.D529N;p.D590N
COSM704381	p.L71F
COSM5576263	p.W156R
COSM6923900	p.A781V;p.A842V
COSM19508	p.H92Y
COSM6909566	p.E210Q
COSM5731068	p.S563P;p.S624P
COSM1479031	p.D583N;p.D644N
COSM4756924	p.S180F
COSM7343913	p.N390K
COSM7343905	p.I390L;p.I451L
COSM7343908	p.R63Q
COSM94051	p.D254H
COSM94052	p.D491N;p.D552N
COSM9359468	p.D453Y;p.D514Y
COSM6945666	p.N369T
COSM19485	p.N315S
COSM6506432	p.L608H;p.L669H
COSM19777	p.P679S;p.P740S
COSM19519	p.I539M;p.I600M
COSM7343900	p.V391I
COSM6938852	p.G239R
COSM6023987	p.E819K;p.E880K
COSM19518	p.A631V;p.A692V
COSM435592	p.E243K
COSM19821	p.T340A
COSM5048626	p.V425I
COSM1159626	p.D400N
COSM6911039	p.D291Y
COSM5731066	p.F565C;p.F626C
COSM6981259	p.V325I
COSM19506	p.A286T
COSM19514	p.G62D
COSM5731067	p.S563Y;p.S624Y
COSM19510	p.A648T;p.A709T
COSM7343907	p.P3R
COSM1379142	p.R224C
COSM7343899	p.D349V
COSM19783	p.S790L;p.S851L
COSM19822	p.A573V;p.A634V
COSM143801	p.D402H
COSM7343909	p.W103R
COSM3271914	p.E803K;p.E864K
COSM5575810	p.D402V
COSM9359469	p.P260T
COSM19766	p.G510S;p.G571S
COSM4062183	p.D400V
COSM19507	p.H121R
COSM143802	p.A408V
COSM6849622	p.P42A
COSM6963420	p.P738S;p.P799S
COSM35880	p.H233Q
COSM7343915	p.D557Y;p.D618Y
COSM96851	p.V55L
COSM4756922	p.V157F
COSM9359464	p.Y37C
COSM6986061	p.Y462C;p.Y523C
COSM19493	p.M282I
COSM19778	p.R713K;p.R774K
COSM9119876	p.L730F;p.L791F
COSM19782	p.D257G
COSM7343901	p.T406S;p.T467S
COSM2996759	p.E273K
COSM19513	p.S498N;p.S559N
COSM5608069	p.E745K;p.E806K
COSM19776	p.D308N
COSM7343914	p.K430T;p.K491T
COSM6023913	p.R335Q
COSM9180117	p.D760N;p.D821N
COSM20835	p.R537Q;p.R598Q
COSM7343912	p.A298T
COSM19516	p.D254Y
COSM19745	p.S777G;p.S838G
COSM19512	p.V395M;p.V456M
COSM19786	p.P260L
COSM5731070	p.G269W
COSM19517	p.T330I
COSM20774	p.V412D;p.V473D
COSM19781	p.P245L
COSM6907008	p.C163Y
COSM4644008	p.A812T;p.A873T
COSM6971314	p.R108S
COSM2996756	p.D257V
COSM6957774	p.S5R
COSM35879	p.T461I;p.T522I
COSM19779	p.A298D
COSM7340974	p.W20C
COSM7343910	p.H233P
COSM417306	p.S133F
COSM1128899	p.T379M
COSM32237	p.D45H
COSM9119462	p.K966N
COSM32606	p.D440A;p.D449A;p.D472A;p.D485A;p.D79A
COSM9359361	p.K473M
COSM9359360	p.E26K
COSM6947811	p.G8V
COSM471	p.L597R
COSM9359362	p.R735Q
COSM5025130	p.V157I
COSM6904287	p.P407L
COSM5026840	p.G104W
COSM93974	p.D479Y
COSM9119512	p.T233K
COSM450	p.G464V
COSM6934256	p.S125F
COSM6265	p.K601N